cter,Lines,Play
King of France (KING.),373,All's Well That Ends Well
Duke of Florence (DUKE.),19,All's Well That Ends Well
"Bertram, Count of Roussillion (BER.)",240,All's Well That Ends Well
Lafew (LAF.),146,All's Well That Ends Well
Parolles (PAR.),184,All's Well That Ends Well
Rinaldo (STEW.),23,All's Well That Ends Well
Lavatch (CLO.),74,All's Well That Ends Well
Countess's Page (PAGE.),1,All's Well That Ends Well
Gentleman (GENT.),22,All's Well That Ends Well
Countess of Roussillion (COUNT.),220,All's Well That Ends Well
Helena (HEL.),459,All's Well That Ends Well
An Old Widow of Florence (WID.),56,All's Well That Ends Well
Diana (DIA.),137,All's Well That Ends Well
Mariana (MAR.),6,All's Well That Ends Well
Violenta (VIOL.),0,All's Well That Ends Well
First French Lord (1. LORD.),2,All's Well That Ends Well
Second French Lord (2. LORD.),2,All's Well That Ends Well
Third French Lord (3. LORD.),1,All's Well That Ends Well
Fourth French Lord (4. LORD.),2,All's Well That Ends Well
First French Lord Dumaine (1. LORD. DUM.),70,All's Well That Ends Well
Second French Lord Dumaine (2. LORD. DUM.),80,All's Well That Ends Well
First Soldier as Interpreter (1. SOLD. AS INTERPRETER.),53,All's Well That Ends Well
Second Soldier (2. SOLD.),2,All's Well That Ends Well
Messenger (MESS.),1,All's Well That Ends Well
"Cleopatra, Queen of Egypt (CLEO.)",679,Antony and Cleopatra
Clown (CLOWN.),8,Antony and Cleopatra
Rannius (RANN.),0,Antony and Cleopatra
"Lamprius, the Soothsayer (SOOTH.)",30,Antony and Cleopatra
Diomedes (DIO.),19,Antony and Cleopatra
Seleucus (SEL.),5,Antony and Cleopatra
Mardian (MAR.),19,Antony and Cleopatra
Alexas (ALEX.),30,Antony and Cleopatra
Schoolmaster (Ambassador) (AMB.),16,Antony and Cleopatra
Silius (SIL.),11,Antony and Cleopatra
Varrius (VAR.),4,Antony and Cleopatra
Menecrates (MENE.),4,Antony and Cleopatra
Menas (MENAS.),59,Antony and Cleopatra
Taurus (TAUR.),1,Antony and Cleopatra
Gallus (GALL.),2,Antony and Cleopatra
Thidias (THID.),31,Antony and Cleopatra
Proculeius (PRO.),36,Antony and Cleopatra
Dolabella (DOL.),48,Antony and Cleopatra
Agrippa (AGR.),61,Antony and Cleopatra
Maecenas (MAEC.),39,Antony and Cleopatra
Canidius (CAN.),25,Antony and Cleopatra
Philo (PHI.),17,Antony and Cleopatra
Demetrius (DEM.),5,Antony and Cleopatra
Decretas (DEC.),22,Antony and Cleopatra
Scarus (SCAR.),68,Antony and Cleopatra
Eros (EROS.),43,Antony and Cleopatra
Ventidius (VEN.),30,Antony and Cleopatra
Domitius Enobarbus (ENO.),298,Antony and Cleopatra
Sextus Pompeius (POM.),136,Antony and Cleopatra
M. Aemilius Lepidus (LEP.),65,Antony and Cleopatra
Octavius Caesar (CAES.),421,Antony and Cleopatra
Mark Antony (ANT.),837,Antony and Cleopatra
Iras (IRAS.),23,Antony and Cleopatra
Charmian (CHAR.),87,Antony and Cleopatra
Octavia (OCT.),37,Antony and Cleopatra
Lucillius (LUCILL.),0,Antony and Cleopatra
Antony's First Attendant (ANT. 1. ATT.),3,Antony and Cleopatra
Antony's Second Attendant (ANT. 2. ATT.),1,Antony and Cleopatra
Caesar's First Messenger (1. CAES. MESS.),7,Antony and Cleopatra
Caesar's Second Messenger (2. CAES. MESS.),9,Antony and Cleopatra
Caesar's Third Messenger (3. CAES. MESS.),2,Antony and Cleopatra
First Roman Messenger (1. ROM. MESS.),1,Antony and Cleopatra
Second Roman Messenger (2. ROM. MESS.),3,Antony and Cleopatra
First Messenger (1. MESS.),15,Antony and Cleopatra
Second Messenger (2. MESS.),4,Antony and Cleopatra
Egyptian Messenger (EGYPT. MESS.),43,Antony and Cleopatra
First Egyptian Servant (1. EGYPT. SERV.),3,Antony and Cleopatra
Second Egyptian Servant (2. EGYPT. SERV.),6,Antony and Cleopatra
Antony's First Soldier (ANT. 1. SOLD.),18,Antony and Cleopatra
Antony's Second Soldier (ANT. 2. SOLD.),12,Antony and Cleopatra
Antony's Third Soldier (ANT. 3. SOLD.),4,Antony and Cleopatra
Antony's Fourth Soldier (ANT. 4. SOLD.),1,Antony and Cleopatra
Captain of Antony's Army (CAPT. ANT. ARMY.),1,Antony and Cleopatra
Caesar's First Soldier (CAES. 1. SOLD.),10,Antony and Cleopatra
Caesar's Sentry (CAES. SENT.),14,Antony and Cleopatra
Caesar's First Watchman (CAES. 1. WATCH.),6,Antony and Cleopatra
Caesar's Second Watchman (CAES. 2. WATCH.),6,Antony and Cleopatra
Antony's First Guardsman (ANT. 1. GUARD.),8,Antony and Cleopatra
Antony's Second Guardsman (ANT. 2. GUARD.),5,Antony and Cleopatra
Antony's Third Guardsman (ANT. 3. GUARD.),4,Antony and Cleopatra
First Roman Guard (1. ROM. GUARD.),18,Antony and Cleopatra
Second Roman Guard (2. ROM. GUARD.),2,Antony and Cleopatra
First Roman Soldier (1. ROM. SOLD.),0,Antony and Cleopatra
Second Roman Soldier (2. ROM. SOLD.),0,Antony and Cleopatra
Pompey's First Servant (POM. 1. SERV.),4,Antony and Cleopatra
Pompey's Second Servant (POM. 2. SERV.),3,Antony and Cleopatra
Audrey (AUD.),12,As You Like It
Phebe (PHE.),86,As You Like It
Celia (CEL.),184,As You Like It
Rosalind (ROS.),361,As You Like It
Silvius (SIL.),75,As You Like It
Corin (COR.),49,As You Like It
Sir Oliver Martext (SIR OLI.),3,As You Like It
Touchstone (TOUCH.),97,As You Like It
Adam (ADAM.),60,As You Like It
Orlando (ORL.),190,As You Like It
Oliver (OLI.),101,As You Like It
Charles (CHA.),8,As You Like It
Le Beau (LE BEAU.),34,As You Like It
Jaques (JAQ.),168,As You Like It
Amiens (AMI.),44,As You Like It
Duke Frederick (DUKE F.),63,As You Like It
Duke Senior (DUKE S.),107,As You Like It
Jaques De Boys (JAQ. DE B.),17,As You Like It
Dennis (DEN.),2,As You Like It
Hymen (HYM.),30,As You Like It
William (WILL.),11,As You Like It
First Lord at Court (1. LORD. COURT.),4,As You Like It
Second Lord at Court (2. LORD. COURT.),9,As You Like It
First Lord in Arden (1. LORD. ARD.),43,As You Like It
Second Lord in Arden (2. LORD. ARD.),13,As You Like It
First Page (1. PAGE.),3,As You Like It
Second Page (2. PAGE.),20,As You Like It
Luce (LUCE.),9,The Comedy of Errors
Luciana (LUC.),95,The Comedy of Errors
Adriana (ADR.),263,The Comedy of Errors
Aemilia (ABB.),73,The Comedy of Errors
Doctor Pinch (PINCH.),12,The Comedy of Errors
Angelo (ANG.),77,The Comedy of Errors
Balthazar (BALTH.),26,The Comedy of Errors
Dromio of Syracuse (S. DRO.),153,The Comedy of Errors
Dromio of Ephesus (E. DRO.),135,The Comedy of Errors
Antipholus of Syracuse (S. ANT.),265,The Comedy of Errors
Antipholus of Ephesus (E. ANT.),212,The Comedy of Errors
Egeon (EGE.),143,The Comedy of Errors
"Solinus, Duke of Ephesus (DUKE.)",90,The Comedy of Errors
First Merchant (1. MER.),15,The Comedy of Errors
Second Merchant (2. MER.),34,The Comedy of Errors
Jailer (JAIL.),1,The Comedy of Errors
Courtezan (COUR.),35,The Comedy of Errors
Messenger (MESS.),15,The Comedy of Errors
Officer (OFF.),13,The Comedy of Errors
Headsman (HEAD.),0,The Comedy of Errors
Volumnia (VOL.),275,Coriolanus
Tullus Aufidius (AUF.),274,Coriolanus
Lieutenant to Aufidius (LIEU. AUF.),11,Coriolanus
Nicanor (NIC.),10,Coriolanus
Roman Herald (ROM. HER.),6,Coriolanus
Young Martius (BOY.),2,Coriolanus
Junius Brutus (BRU.),249,Coriolanus
Sicinius Velutus (SIC.),307,Coriolanus
Menenius Agrippa (MEN.),462,Coriolanus
Cominius (COM.),276,Coriolanus
Titus Lartius (LART.),60,Coriolanus
Lieutenant to Lartius (LIEU. LART.),1,Coriolanus
Caius Martius (MAR.),870,Coriolanus
Virgilia (VIR.),32,Coriolanus
Gentlewoman (GENT.),1,Coriolanus
Valeria (VAL.),15,Coriolanus
Citizen of Antium (CIT. ANT.),4,Coriolanus
Adrian (ADR.),9,Coriolanus
First Messenger (1. MESS.),27,Coriolanus
Second Messenger (2. MESS.),17,Coriolanus
Third Messenger (3. MESS.),14,Coriolanus
First Roman Senator (1. ROM. SEN.),39,Coriolanus
Second Roman Senator (2. ROM. SEN.),11,Coriolanus
First Volscian Senator (1. VOL. SEN.),19,Coriolanus
Second Volscian Senator (2. VOL. SEN.),9,Coriolanus
First Roman Soldier (1. ROM. SOLD.),7,Coriolanus
Second Roman Soldier (2. ROM. SOLD.),1,Coriolanus
First Roman (1. ROM.),1,Coriolanus
Second Roman (2. ROM.),1,Coriolanus
Third Roman (3. ROM.),1,Coriolanus
Usher (USH.),0,Coriolanus
Scout (SCOUT.),0,Coriolanus
Volscian Soldier (VOL. SOLD.),4,Coriolanus
First Officer (1. OFF.),5,Coriolanus
Second Officer (2. OFF.),3,Coriolanus
First Roman Citizen (1. ROM. CIT.),57,Coriolanus
Second Roman Citizen (2. ROM. CIT.),33,Coriolanus
Third Roman Citizen (3. ROM. CIT.),33,Coriolanus
Fourth Roman Citizen (4. ROM. CIT.),15,Coriolanus
Fifth Roman Citizen (5. ROM. CIT.),13,Coriolanus
Sixth Roman Citizen (6. ROM. CIT.),12,Coriolanus
Seventh Roman Citizen (7. ROM. CIT.),12,Coriolanus
First Aedile (1. AED.),16,Coriolanus
Second Aedile (2. AED.),1,Coriolanus
First Servingman (1. SERV.),21,Coriolanus
Second Servingman (2. SERV.),21,Coriolanus
Third Servingman (3. SERV.),20,Coriolanus
First Watchman (1. WATCH.),14,Coriolanus
Second Watchman (2. WATCH.),7,Coriolanus
First Conspirator (1. CONSP.),10,Coriolanus
Second Conspirator (2. CONSP.),9,Coriolanus
Third Conspirator (3. CONSP.),14,Coriolanus
First Volscian Lord (1. VOL. LORD.),17,Coriolanus
Second Volscian Lord (2. VOL. LORD.),13,Coriolanus
Third Volscian Lord (3. VOL. LORD.),6,Coriolanus
Volscians (ALL VOL.),0,Coriolanus
Volscian Soldiers (VOL. SOLDS.),0,Coriolanus
Roman Soldiers (ALL. ROM. SOLD.),0,Coriolanus
Patrician (PATRICIAN.),3,Coriolanus
Patricians (PATRICIANS.),0,Coriolanus
Plebeians (ALL PLEBEIANS.),22,Coriolanus
Helen (HEL.),13,Cymbeline
Imogen (IMO.),574,Cymbeline
Queen (QUEEN.),169,Cymbeline
Frenchman (FRENCH.),7,Cymbeline
Roman Captain (CAP.),11,Cymbeline
Philarmonus (PHIL.),37,Cymbeline
Cornelius (COR.),73,Cymbeline
Pisanio (PIS.),217,Cymbeline
Caius Lucius (LUC.),104,Cymbeline
Jachimo (JACH.),374,Cymbeline
Philario (PHI.),31,Cymbeline
Arviragus (ARV.),144,Cymbeline
Guiderius (GUI.),168,Cymbeline
Belarius (BEL.),339,Cymbeline
Posthumus Leonatus (POST.),398,Cymbeline
Cloten (CLO.),154,Cymbeline
Cymbeline (CYM.),292,Cymbeline
First Gentleman (1. GENT.),66,Cymbeline
Second Gentleman (2. GENT.),13,Cymbeline
First Lord (1. LORD.),27,Cymbeline
Second Lord (2. LORD.),35,Cymbeline
Lady Attendant (LADY),1,Cymbeline
Other Ladies (OTH. LAD.),1,Cymbeline
Dutchman (DUTCHMAN.),0,Cymbeline
Spaniard (SPANIARD.),0,Cymbeline
Singer (SING.),8,Cymbeline
Messenger (MESS.),6,Cymbeline
First Senator (1. SEN.),15,Cymbeline
Second Senator (2. SEN.),1,Cymbeline
Tribune (TRI.),3,Cymbeline
First British Captain (1. BRIT. CAP.),4,Cymbeline
Second British Captain (2. BRIT. CAP.),6,Cymbeline
British Soldiers (BRIT. SOLD.),0,Cymbeline
British Lord (BRIT. LORD.),7,Cymbeline
First Jailer (1. JAIL.),10,Cymbeline
Second Jailer (2. JAIL.),1,Cymbeline
Jupiter (JUP.),21,Cymbeline
Apparition of Sicilius Leonatus (SICI.),41,Cymbeline
Apparition of the Matron (MOTH.),13,Cymbeline
Apparition of First Brother of Posthumus (APP. 1. BRO.),15,Cymbeline
Apparition of Second Brother of Posthumus (APP. 2. BRO.),9,Cymbeline
Guard (GUARD.),0,Cymbeline
Don Bernard (D. BERN.),84,Double Falsehood
Roderick (RODER.),210,Double Falsehood
Master of the Flocks (MAST.),42,Double Falsehood
Gerald (GER.),5,Double Falsehood
Lopez (LOP.),3,Double Falsehood
Henriquez (HENR.),269,Double Falsehood
Violante (VIOL.),251,Double Falsehood
Camillo (CAM.),122,Double Falsehood
Leonora (LEON.),284,Double Falsehood
Julio (JUL.),317,Double Falsehood
Fabian (FAB.),2,Double Falsehood
Citizen (CITIZ.),25,Double Falsehood
Maid (MAID.),2,Double Falsehood
Duke Angelo (DUKE.),107,Double Falsehood
First Shepherd (1. SHEP.),13,Double Falsehood
Second Shepherd (2. SHEP.),9,Double Falsehood
First Gentleman (1. GENT.),5,Double Falsehood
Second Gentleman (2. GENT.),9,Double Falsehood
Servant to Violante (SERV.),8,Double Falsehood
Attendant (ATT.),4,Double Falsehood
A Churchman (CHURCH.),0,Double Falsehood
Ladies Attending on Leonora (LADIES.),0,Double Falsehood
King of Bohemia (KING OF BOHEMIA.),3,Edward III
Duke of Lorraine (LORRAINE.),10,Edward III
Philip (PHILIP.),33,Edward III
Charles (CHARLES.),86,Edward III
"John de Valois, King of France (KING JOHN.)",271,Edward III
Gobin de Grey (GOBIN.),3,Edward III
Earl of Mountford (MOUNTFORD.),9,Edward III
Robert of Artois (ARTOIS.),60,Edward III
Villiers (VILLIERS.),31,Edward III
Sir John Copland (COPLAND.),17,Edward III
Sir William Mountague (MOUNTAGUE.),13,Edward III
Lodowick (LODOWICK.),46,Edward III
Lord Percy (PERCY.),18,Edward III
Lord Audley (AUDLEY.),97,Edward III
Earl of Salisbury (SALISBURY.),92,Edward III
Earl of Derby (DERBY.),44,Edward III
Earl of Warwick (WARWICK.),121,Edward III
Prince Edward (PRINCE EDWARD.),281,Edward III
Countess of Salisbury (COUNTESS.),214,Edward III
Queen Philippa (QUEEN PHILIP.),17,Edward III
Earl Douglas (DOUGLAS.),4,Edward III
"David, King of Scotland (KING DAVID.)",33,Edward III
Edward III (KING EDWARD.),743,Edward III
First Scottish Messenger (1. SCOT. MESS.),8,Edward III
Second Scottish Messenger (2. SCOT. MESS.),1,Edward III
Polish Captain (POL. CAPTAIN.),4,Edward III
French Mariner (FR. MARINER.),66,Edward III
First Frenchman (1. FRENCH.),21,Edward III
Second Frenchman (2. FRENCH.),3,Edward III
Third Frenchman (3. FRENCH.),13,Edward III
Fourth Frenchman (4. FRENCH.),31,Edward III
Frenchwoman (FRENCHWOMAN.),8,Edward III
First Herald (1. HERALD.),0,Edward III
Second Herald (2. HERALD.),0,Edward III
Third Herald (3. HERALD.),0,Edward III
Fourth Herald (4. HERALD.),0,Edward III
Poor Inhabitant of Calais (POOR.),9,Edward III
Five Poor Inhabitants of Calais (FIVE POOR.),0,Edward III
First French Herald (1. FR. HERALD.),11,Edward III
Second French Herald (2. FR. HERALD.),6,Edward III
Third French Herald (3. FR. HERALD.),10,Edward III
First French Captain (1. FR. CAPTAIN.),11,Edward III
Second French Captain (2. FR. CAPTAIN.),5,Edward III
First English Esquire (1. ESQUIRE.),1,Edward III
Second English Esquire (2. ESQUIRE.),1,Edward III
English Herald (ENG. HERALD.),9,Edward III
First Citizen of Calais (1. CIT. CAL.),8,Edward III
Second Citizen of Calais (2. CIT. CAL.),7,Edward III
Third Citizen of Calais (3. CIT. CAL.),1,Edward III
Fourth Citizen of Calais (4. CIT. CAL.),1,Edward III
Fifth Citizen of Calais (5. CIT. CAL.),1,Edward III
Sixth Citizen of Calais (6. CIT. CAL.),1,Edward III
"Claudius, King of Denmark (KING.)",545,Hamlet
Ghost of Hamlet's Father (GHOST.),95,Hamlet
Ophelia (OPH.),154,Hamlet
"Getrude, Queen of Denmark (QUEEN.)",157,Hamlet
Fortinbras (FORT.),27,Hamlet
Francisco (FRAN.),10,Hamlet
Barnardo (BAR.),41,Hamlet
Marcellus (MAR.),68,Hamlet
Horatio (HOR.),273,Hamlet
Polonius (POL.),333,Hamlet
Hamlet (HAM.),"1,099",Hamlet
Osric (OSR.),27,Hamlet
Guildenstern (GUIL.),39,Hamlet
Rosencrantz (ROS.),73,Hamlet
Cornelius (COR.),1,Hamlet
Voltemand (VOL.),22,Hamlet
Laertes (LAER.),208,Hamlet
First Player (Player King) (P. KING.),94,Hamlet
Player Queen (P. QUEEN.),30,Hamlet
Player Prologue (P. PRO.),3,Hamlet
Player Lucianus (P. LUC.),6,Hamlet
First Clown (Gravedigger) (1. CLO.),45,Hamlet
Second Clown (Gravedigger) (2. CLO.),12,Hamlet
Laertes's Followers (LAER. FOL.),2,Hamlet
Gentleman (GENT.),14,Hamlet
Reynaldo (REY.),14,Hamlet
Lord (LORD.),3,Hamlet
Messenger (MESS.),16,Hamlet
First Sailor (1. SAIL.),2,Hamlet
First Ambassador (1. AMB.),6,Hamlet
Norwegian Captain (CAP.),12,Hamlet
Doctor of Divinity (DOCTOR.),13,Hamlet
Ophelia's Pallbearers (PALL.),1,Hamlet
Sir John Falstaff (FAL.),164,"Henry IV, Part 1"
Sir Richard Vernon (VER.),66,"Henry IV, Part 1"
Owen Glendower (GLEND.),79,"Henry IV, Part 1"
"Archibald, Earl of Douglas (DOUG.)",46,"Henry IV, Part 1"
"Richard Scroop, Archbishop of York (ARCH.)",34,"Henry IV, Part 1"
"Edmund Mortimer, Earl of March (MORT.)",60,"Henry IV, Part 1"
Henry Percy (HOT.),527,"Henry IV, Part 1"
"Henry Percy, Earl of Northumberland (NORTH.)",26,"Henry IV, Part 1"
"Thomas Percy, Earl of Worcester (WOR.)",190,"Henry IV, Part 1"
Sir Walter Blunt (BLUNT.),41,"Henry IV, Part 1"
Earl of Westmorland (WEST.),37,"Henry IV, Part 1"
Prince John of Lancaster (LAN.),8,"Henry IV, Part 1"
"Henry, Prince of Wales (PRINCE.)",362,"Henry IV, Part 1"
King Henry IV (KING.),341,"Henry IV, Part 1"
Lady Mortimer (LADY MORT.),0,"Henry IV, Part 1"
Lady Percy (LADY P.),55,"Henry IV, Part 1"
Bardolph (BARD.),18,"Henry IV, Part 1"
Peto (PETO.),11,"Henry IV, Part 1"
Gadshill (GADS.),18,"Henry IV, Part 1"
Edward Poins (POINS.),37,"Henry IV, Part 1"
Sir Michael (SIR M.),8,"Henry IV, Part 1"
Ostler (OST.),1,"Henry IV, Part 1"
Sheriff (SHER.),8,"Henry IV, Part 1"
First Carrier (1. CAR.),9,"Henry IV, Part 1"
Second Carrier (2. CAR.),6,"Henry IV, Part 1"
First Traveller (1. TRAV.),3,"Henry IV, Part 1"
Second Traveller (2. TRAV.),1,"Henry IV, Part 1"
Servant (SERV.),3,"Henry IV, Part 1"
Francis (FRAN.),14,"Henry IV, Part 1"
Hostess (HOST.),24,"Henry IV, Part 1"
First Messenger (1. MESS.),6,"Henry IV, Part 1"
Second Messenger (2. MESS.),1,"Henry IV, Part 1"
Third Messenger (3. MESS.),1,"Henry IV, Part 1"
Chamberlain (CHAM.),6,"Henry IV, Part 1"
Vintner (VINT.),2,"Henry IV, Part 1"
Welsh Ladies (WEL. LAD.),0,"Henry IV, Part 1"
King Henry the Fourth (KING.),323,"Henry IV, Part 2"
Prince Henry (PRINCE.),206,"Henry IV, Part 2"
Prince John of Lancaster (P. JOHN.),108,"Henry IV, Part 2"
"Humphrey, Duke of Gloucester (GLOU.)",17,"Henry IV, Part 2"
"Thomas, Duke of Clarence (CLAR.)",23,"Henry IV, Part 2"
"Henry Percy, Earl of Northumberland (NORTH.)",106,"Henry IV, Part 2"
"Richard Scroop, Archbishop of York (ARCH.)",148,"Henry IV, Part 2"
Lord Mowbray (MOWB.),56,"Henry IV, Part 2"
Lord Hastings (HAST.),57,"Henry IV, Part 2"
Lord Bardolph (L. BARD.),87,"Henry IV, Part 2"
Travers (TRA.),15,"Henry IV, Part 2"
Sir John Colevile (COL.),7,"Henry IV, Part 2"
Earl of Warwick (WAR.),77,"Henry IV, Part 2"
Earl of Westmorland (WEST.),109,"Henry IV, Part 2"
Earl of Surrey (SURR.),0,"Henry IV, Part 2"
Sir John Blunt (BLUNT.),0,"Henry IV, Part 2"
Gower (GOW.),7,"Henry IV, Part 2"
Harcourt (HAR.),8,"Henry IV, Part 2"
Lord Chief Justice (CH. JUST.),99,"Henry IV, Part 2"
Poins (POINS.),29,"Henry IV, Part 2"
Sir John Falstaff (FAL.),198,"Henry IV, Part 2"
Bardolph (BARD.),32,"Henry IV, Part 2"
Pistol (PIST.),67,"Henry IV, Part 2"
"Rumor, the Presenter (RUM.)",40,"Henry IV, Part 2"
Porter (PORT.),4,"Henry IV, Part 2"
Epilogue (EPILOGUE.),3,"Henry IV, Part 2"
Doll Tearsheet (DOLL.),31,"Henry IV, Part 2"
Hostess Quickly (HOST.),53,"Henry IV, Part 2"
Lady Percy (LADY P.),46,"Henry IV, Part 2"
Lady Northumberland (LADY N.),5,"Henry IV, Part 2"
Bullcalf (BULL.),5,"Henry IV, Part 2"
Feeble (FEE.),7,"Henry IV, Part 2"
Wart (WART.),2,"Henry IV, Part 2"
Mouldy (MOUL.),5,"Henry IV, Part 2"
Snare (SNARE.),2,"Henry IV, Part 2"
Davy (DAVY.),13,"Henry IV, Part 2"
Silence (SIL.),38,"Henry IV, Part 2"
Shallow (SHAL.),82,"Henry IV, Part 2"
Falstaff's Page (PAGE.),17,"Henry IV, Part 2"
Peto (PETO.),6,"Henry IV, Part 2"
Morton (MOR.),79,"Henry IV, Part 2"
Fang (FANG.),6,"Henry IV, Part 2"
Sneak (SNEAK.),0,"Henry IV, Part 2"
Shadow (SHAD.),2,"Henry IV, Part 2"
Servant to the Lord Chief Justice (SERV.),7,"Henry IV, Part 2"
Beadle (BEAD.),4,"Henry IV, Part 2"
Francis (FRAN.),4,"Henry IV, Part 2"
Second Drawer (2. DRAW.),2,"Henry IV, Part 2"
Third Drawer (3. DRAW.),2,"Henry IV, Part 2"
Messenger (MESS.),4,"Henry IV, Part 2"
First Strewer (1. STREWER.),1,"Henry IV, Part 2"
Second Strewer (2. STREWER.),1,"Henry IV, Part 2"
Third Strewer (3. STREWER.),1,"Henry IV, Part 2"
Officer (OFFICER.),1,"Henry IV, Part 2"
King Henry's Page (K. HEN. PAGE),0,"Henry IV, Part 2"
Katherine (KATH.),33,Henry V
Queen Isabel (Q. ISA.),24,Henry V
Ambassador of France (1. AMB.),17,Henry V
Montjoy (MONT.),34,Henry V
Governor of Harfleur (GOV.),7,Henry V
Grandpr&#233; (GRAND.),18,Henry V
Rambures (RAM.),6,Henry V
Constable of France (CON.),95,Henry V
Duke of Berri (BERRI.),0,Henry V
Duke of Britain (BRIT.),9,Henry V
Duke of Bourbon (BOUR.),9,Henry V
Duke of Orleance (ORL.),32,Henry V
Duke of Burgundy (BUR.),53,Henry V
The Dauphin (DAU.),82,Henry V
Charles the Sixth (FR. KING.),92,Henry V
English Herald (HER.),1,Henry V
Boy (BOY.),18,Henry V
Bardolph (BARD.),16,Henry V
Nym (NYM.),21,Henry V
Pistol (PIST.),158,Henry V
Williams (WILL.),28,Henry V
Court (COURT.),1,Henry V
Bates (BATES.),7,Henry V
Jamy (JAMY.),4,Henry V
Macmorris (MAC.),4,Henry V
Fluellen (FLU.),72,Henry V
Gower (GOW.),27,Henry V
Sir Thomas Erpingham (ERP.),7,Henry V
Sir Thomas Grey (GREY.),13,Henry V
Lord Scroop (SCROOP.),13,Henry V
"Richard, Earl of Cambridge (CAM.)",15,Henry V
Bishop of Ely (ELY.),35,Henry V
Archbishop of Canterbury (CANT.),223,Henry V
Earl of Warwick (WAR.),1,Henry V
Earl of Westmorland (WEST.),19,Henry V
Earl of Salisbury (SAL.),9,Henry V
Duke of York (YORK.),2,Henry V
Duke of Exeter (EXE.),121,Henry V
"Thomas, Duke of Clarence (CLAR.)",0,Henry V
"John, Duke of Bedford (BED.)",7,Henry V
"Humphrey, Duke of Gloucester (GLOU.)",5,Henry V
King Henry the Fifth (K. HEN.),807,Henry V
Chorus (CHORUS.),223,Henry V
French Messenger (FR. MESS.),1,Henry V
French Soldier (FR. SOLD.),10,Henry V
French Court Attendant (FR. ATT.),4,Henry V
Hostess (HOST.),12,Henry V
Alice (ALICE.),22,Henry V
English Lords (LORDS.),1,Henry V
Joan de Pucelle (PUC.),254,"Henry VI, Part 1"
Countess of Auvergne (COUNT.),45,"Henry VI, Part 1"
Margaret (MAR.),33,"Henry VI, Part 1"
Shepherd (SHEP.),24,"Henry VI, Part 1"
Porter (PORT.),1,"Henry VI, Part 1"
French Sergeant (FR. SERG.),4,"Henry VI, Part 1"
General of the French Force at Bordeaux (GEN.),27,"Henry VI, Part 1"
Master Gunner of Orléans (M. GUN.),18,"Henry VI, Part 1"
Governor of Paris (GOV. PARIS.),0,"Henry VI, Part 1"
Bastard of Orléans (BAST.),29,"Henry VI, Part 1"
Duke of Alanson (ALAN.),49,"Henry VI, Part 1"
Duke of Burgundy (BUR.),44,"Henry VI, Part 1"
"Reignier, Duke of Anjou (REIG.)",59,"Henry VI, Part 1"
"Charles, Dauphin of France (CHAR.)",134,"Henry VI, Part 1"
Lawyer (LAW.),4,"Henry VI, Part 1"
Basset (BAS.),25,"Henry VI, Part 1"
Vernon (VER.),29,"Henry VI, Part 1"
Woodvile (WOODV.),5,"Henry VI, Part 1"
Mayor of London (MAY.),21,"Henry VI, Part 1"
Sir Thomas Gargrave (GAR.),2,"Henry VI, Part 1"
Sir William Glansdale (GLAN.),1,"Henry VI, Part 1"
Sir William Lucy (LUCY.),77,"Henry VI, Part 1"
Sir John Falstaff (FAL.),8,"Henry VI, Part 1"
"Edmund Mortimer, Earl of March (MOR.)",88,"Henry VI, Part 1"
John Talbot (JOHN.),47,"Henry VI, Part 1"
Lord Talbot (TAL.),407,"Henry VI, Part 1"
Earl of Suffolk (SUF.),175,"Henry VI, Part 1"
Earl of Salisbury (SAL.),15,"Henry VI, Part 1"
Earl of Warwick (WAR.),72,"Henry VI, Part 1"
Richard Plantagenet (PLAN.),184,"Henry VI, Part 1"
"John Beauford, Duke of Somerset (SOM.)",64,"Henry VI, Part 1"
"Henry Beauford, Bishop of Winchester (WIN.)",96,"Henry VI, Part 1"
"Thomas Beauford, Duke of Exeter (EXE.)",59,"Henry VI, Part 1"
Duke of Bedford (BED.),76,"Henry VI, Part 1"
Duke of Gloucester (GLOU.),185,"Henry VI, Part 1"
King Henry the Sixth (KING.),180,"Henry VI, Part 1"
Papal Legate (PAP.),1,"Henry VI, Part 1"
Fiends (FIENDS.),0,"Henry VI, Part 1"
Officer (OFF.),1,"Henry VI, Part 1"
Winchester's Serving Attendant (WIN. SERV. ATT.),4,"Henry VI, Part 1"
Master Gunner's Boy (M. GUN. BOY.),4,"Henry VI, Part 1"
First Messenger (1. MESS.),18,"Henry VI, Part 1"
Second Messenger (2. MESS.),7,"Henry VI, Part 1"
Third Messenger (3. MESS.),45,"Henry VI, Part 1"
Fourth Messenger (4. MESS.),4,"Henry VI, Part 1"
Fifth Messenger (5. MESS.),6,"Henry VI, Part 1"
First Warder of the Tower (1. WARDER),3,"Henry VI, Part 1"
Second Warder of the Tower (2. WARDER),1,"Henry VI, Part 1"
Gloucester's First Serving Attendant (1. GLOU. SERV. ATT.),4,"Henry VI, Part 1"
Gloucester's Second Serving Attendant (2. GLOU. SERV. ATT.),11,"Henry VI, Part 1"
First Sentinel (1. SENT.),5,"Henry VI, Part 1"
Second Sentinel (2. SENT.),0,"Henry VI, Part 1"
English Soldier (ENG. SOLD.),4,"Henry VI, Part 1"
Messenger of the Countess (MESS. COUNT.),15,"Henry VI, Part 1"
First Keeper (1. KEEPER.),4,"Henry VI, Part 1"
Second Keeper (2. KEEPER.),0,"Henry VI, Part 1"
First Soldier (1. SOLD.),3,"Henry VI, Part 1"
Captain (CAPT.),6,"Henry VI, Part 1"
Scout (SCOUT.),5,"Henry VI, Part 1"
Ambassador from the Emperor (AMB. EMP.),0,"Henry VI, Part 1"
Ambassador from the Earl of Armagnac (AMB. ARM.),0,"Henry VI, Part 1"
Talbot's Trumpeter (TAL. TRUMP.),0,"Henry VI, Part 1"
French Herald (FR. HER.),0,"Henry VI, Part 1"
Soldier of the Watch (SOLD. WATCH.),2,"Henry VI, Part 1"
Talbot's Servant (TAL. SERV.),1,"Henry VI, Part 1"
King Henry the Sixth (KING.),312,"Henry VI, Part 2"
Duke of Gloucester (GLOU.),293,"Henry VI, Part 2"
Cardinal Beauford (CAR.),100,"Henry VI, Part 2"
"Richard Plantagenet, Duke of York (YORK.)",379,"Henry VI, Part 2"
Edward Earl of March (EDW.),1,"Henry VI, Part 2"
Richard Plantagenet (RICH.),24,"Henry VI, Part 2"
Duke of Somerset (SOM.),25,"Henry VI, Part 2"
Duke of Suffolk (SUF.),293,"Henry VI, Part 2"
Duke of Buckingham (BUCK.),73,"Henry VI, Part 2"
Lord Clifford (CLIF.),56,"Henry VI, Part 2"
Young Clifford (Y. CLIF.),46,"Henry VI, Part 2"
Earl of Salisbury (SAL.),94,"Henry VI, Part 2"
Earl of Warwick (WAR.),133,"Henry VI, Part 2"
Lord Scales (SCALES.),8,"Henry VI, Part 2"
Lord Say (SAY.),48,"Henry VI, Part 2"
Sir Humphrey Stafford (STAF.),16,"Henry VI, Part 2"
William Stafford (BRO.),7,"Henry VI, Part 2"
Sir John Stanley (STAN.),7,"Henry VI, Part 2"
Vaux (VAUX.),11,"Henry VI, Part 2"
Matthew Goffe (GOFF.),0,"Henry VI, Part 2"
Alexander Iden (IDEN.),51,"Henry VI, Part 2"
Lieutenant (LIEU.),64,"Henry VI, Part 2"
Shipmaster (MAST.),1,"Henry VI, Part 2"
Master's Mate (MATE.),1,"Henry VI, Part 2"
Walter Whitmore (WHIT.),18,"Henry VI, Part 2"
John Hume (HUME.),30,"Henry VI, Part 2"
John Southwell (SOUTH.),0,"Henry VI, Part 2"
Roger Bolingbrook (BOLING.),17,"Henry VI, Part 2"
Thomas Horner (HOR.),6,"Henry VI, Part 2"
Peter Thump (PETER.),9,"Henry VI, Part 2"
Clerk of Chatham (CLERK. CHAT.),2,"Henry VI, Part 2"
Mayor of Saint Albans (MAY.),2,"Henry VI, Part 2"
Saunder Simpcox (SIMP.),23,"Henry VI, Part 2"
Jack Cade (CADE.),81,"Henry VI, Part 2"
George Bevis (BEVIS.),9,"Henry VI, Part 2"
John Holland (HOLL.),10,"Henry VI, Part 2"
Dick the Butcher (DICK.),24,"Henry VI, Part 2"
Spirit (SPIR.),9,"Henry VI, Part 2"
Simpcox's Wife (SIMP. WIFE.),8,"Henry VI, Part 2"
Margery Jordan (M. JORD.),4,"Henry VI, Part 2"
Duchess Eleanor of Gloucester (DUCH.),119,"Henry VI, Part 2"
Queen Margaret (QUEEN.),315,"Henry VI, Part 2"
First Murderer (1. MUR.),5,"Henry VI, Part 2"
Second Murderer (2. MUR.),2,"Henry VI, Part 2"
Michael (MICH.),3,"Henry VI, Part 2"
Smith the Weaver (SMITH.),9,"Henry VI, Part 2"
Beadle of Saint Albans (BEAD.),1,"Henry VI, Part 2"
First Royal Messenger (1. ROYAL MESS.),3,"Henry VI, Part 2"
First Petitioner (1. PETIT.),4,"Henry VI, Part 2"
Second Petitioner (2. PETIT.),4,"Henry VI, Part 2"
Gloucester's Servingman (GLOU. SERV.),0,"Henry VI, Part 2"
First Neighbor (1. NEIGH.),1,"Henry VI, Part 2"
Second Neighbor (2. NEIGH.),1,"Henry VI, Part 2"
Third Neighbor (3. NEIGH.),1,"Henry VI, Part 2"
First Prentice (1. PREN.),1,"Henry VI, Part 2"
Second Prentice (2. PREN.),1,"Henry VI, Part 2"
Third Prentice (3. PREN.),0,"Henry VI, Part 2"
Herald (HER.),2,"Henry VI, Part 2"
Sheriff of London (SHER. LOND.),4,"Henry VI, Part 2"
Post (POST.),6,"Henry VI, Part 2"
First Gentleman (1. GENT.),7,"Henry VI, Part 2"
Second Gentleman (2. GENT.),1,"Henry VI, Part 2"
Second Royal Messenger (2. ROYAL MESS.),11,"Henry VI, Part 2"
Third Royal Messenger (3. ROYAL MESS.),5,"Henry VI, Part 2"
Fourth Royal Messenger (4. ROYAL MESS.),8,"Henry VI, Part 2"
First London Citizen (1. LOND. CIT.),1,"Henry VI, Part 2"
London Citizens (LOND. CIT.),0,"Henry VI, Part 2"
Rebel Soldier (REBEL SOLD.),1,"Henry VI, Part 2"
Rebel Messenger (REBEL MESS.),1,"Henry VI, Part 2"
Iden's Men (IDEN. MEN.),0,"Henry VI, Part 2"
One Citizen (ONE. CIT.),4,"Henry VI, Part 2"
Citizens of Saint Albans (CIT. ALB.),0,"Henry VI, Part 2"
Sawyer (SAW.),0,"Henry VI, Part 2"
Best's Son (BEST. SON.),0,"Henry VI, Part 2"
Falconers (FALC.),0,"Henry VI, Part 2"
York's Guards (YORK. GUARDS.),0,"Henry VI, Part 2"
York's Attendant (YORK. ATT.),0,"Henry VI, Part 2"
Rebel Poleman (REB. POLE.),0,"Henry VI, Part 2"
First Commoner (1. COMMON.),2,"Henry VI, Part 2"
Commoners (COMMONS.),0,"Henry VI, Part 2"
Gloucester's First Attendant (GLOU. 1. ATT.),1,"Henry VI, Part 2"
Gloucester's Second Attendant (GLOU. 2. ATT.),1,"Henry VI, Part 2"
Cade's Followers (CADE. FOLL.),4,"Henry VI, Part 2"
King Henry the Sixth (K. HEN.),364,"Henry VI, Part 3"
"Edward, Prince of Wales (PRINCE.)",46,"Henry VI, Part 3"
"Lewis the Eleventh, King of France (K. LEW.)",67,"Henry VI, Part 3"
Duke of Exeter (EXE.),17,"Henry VI, Part 3"
Earl of Oxford (OXF.),36,"Henry VI, Part 3"
Earl of Northumberland (NORTH.),30,"Henry VI, Part 3"
Duke of Somerset (D. SOM.),33,"Henry VI, Part 3"
Earl of Westmorland (WEST.),11,"Henry VI, Part 3"
"Richard Plantagenet, Duke of York (YORK.)",173,"Henry VI, Part 3"
Lord Clifford (CLIF.),140,"Henry VI, Part 3"
"Edward, Earl of March (EDW.)",428,"Henry VI, Part 3"
"Edmund, Earl of Rutland (RUT.)",24,"Henry VI, Part 3"
Earl of Warwick (WAR.),436,"Henry VI, Part 3"
George (GEO.),105,"Henry VI, Part 3"
Richard (RICH.),392,"Henry VI, Part 3"
Duke of Norfolk (NORF.),3,"Henry VI, Part 3"
Marquess Montague (MONT.),15,"Henry VI, Part 3"
Earl of Pembroke (PEMB.),0,"Henry VI, Part 3"
Lord Hastings (HAST.),20,"Henry VI, Part 3"
Lord Stafford (STAFF.),0,"Henry VI, Part 3"
Sir John Mortimer (SIR JOHN.),1,"Henry VI, Part 3"
Sir Hugh Mortimer (SIR. HUGH.),0,"Henry VI, Part 3"
"Henry, Earl of Richmond (HEN. RICH.)",0,"Henry VI, Part 3"
Lord Rivers (RIV.),7,"Henry VI, Part 3"
Sir William Stanley (WILL.),0,"Henry VI, Part 3"
Sir John Montgomery (MONTG.),14,"Henry VI, Part 3"
Sir John Somervile (SOM.),5,"Henry VI, Part 3"
Tutor to Rutland (TUT.),3,"Henry VI, Part 3"
Mayor of York (MAY.),5,"Henry VI, Part 3"
Mayor of Coventry (MAY. COV.),0,"Henry VI, Part 3"
Lieutenant of the Tower (LIEU.),3,"Henry VI, Part 3"
Nobleman (NOB.),2,"Henry VI, Part 3"
A Son That Has Killed His Father (SON.),22,"Henry VI, Part 3"
A Father That Has Killed His Son (FATH.),27,"Henry VI, Part 3"
Queen Margaret (Q. MAR.),279,"Henry VI, Part 3"
Lady Grey (L. GREY.),73,"Henry VI, Part 3"
Lady Bona (BONA.),9,"Henry VI, Part 3"
First Yorkist Messenger (1. YORK. MESS.),4,"Henry VI, Part 3"
Second Yorkist Messenger (2. YORK. MESS.),21,"Henry VI, Part 3"
Norfolk Messenger (NOR. MESS.),3,"Henry VI, Part 3"
First Lancastrian Messenger (1. LAN. MESS.),6,"Henry VI, Part 3"
Second Lancastrian Messenger (2. LAN. MESS.),2,"Henry VI, Part 3"
First Gamekeeper (1. KEEP.),18,"Henry VI, Part 3"
Second Gamekeeper (2. KEEP.),14,"Henry VI, Part 3"
Post (POST.),22,"Henry VI, Part 3"
First Watchman (1. WATCH.),8,"Henry VI, Part 3"
Second Watchman (2. WATCH.),7,"Henry VI, Part 3"
Third Watchman (3. WATCH.),9,"Henry VI, Part 3"
Huntsman (HUNT.),2,"Henry VI, Part 3"
Warwick's Messenger (WAR. MESS.),7,"Henry VI, Part 3"
Yorkist Soldier (YORK. SOLD.),1,"Henry VI, Part 3"
Oxford Messenger (OXF. MESS.),1,"Henry VI, Part 3"
Montague Messenger (MONT. MESS.),1,"Henry VI, Part 3"
Aldermen of York (ALD. YORK.),0,"Henry VI, Part 3"
Nurse Bess (BESS.),0,"Henry VI, Part 3"
Lord Bourbon (BOURB.),0,"Henry VI, Part 3"
Prince Edward (Ned) (EDWARD (NED)),0,"Henry VI, Part 3"
King Henry the Eighth (KING.),461,Henry VIII
Cardinal Wolsey (WOL.),436,Henry VIII
Cardinal Campeius (CAM.),53,Henry VIII
Lord Capuchius (CAP.),11,Henry VIII
"Cranmer, Archbishop of Canterbury (CRAN.)",134,Henry VIII
Duke of Norfolk (NOR.),212,Henry VIII
Duke of Suffolk (SUF.),94,Henry VIII
Duke of Buckingham (BUCK.),192,Henry VIII
Earl of Surrey (SUR.),82,Henry VIII
Lord Chamberlain (CHAM.),147,Henry VIII
Lord Chancellor (CHAN.),29,Henry VIII
Gardiner (GARD.),91,Henry VIII
Bishop of Lincoln (LIN.),8,Henry VIII
Lord Abergavenny (ABER.),18,Henry VIII
Lord Sands (SAN.),48,Henry VIII
Sir Henry Guilford (GUIL.),10,Henry VIII
Sir Thomas Lovell (LOV.),68,Henry VIII
Sir Anthony Denny (DEN.),4,Henry VIII
Sir Nicholas Vaux (VAUX.),4,Henry VIII
Cromwell (CROM.),49,Henry VIII
Wolsey's First Secretary (1. WOL. SECR.),2,Henry VIII
Wolsey's Second Secretary (2. WOL. SECR.),0,Henry VIII
Griffith (GRIF.),61,Henry VIII
Doctor Butts (BUTTS.),9,Henry VIII
Garter King-of-Arms (GART.),1,Henry VIII
Buckingham's Surveyor (BUCK. SURV.),61,Henry VIII
Brandon (BRAN.),15,Henry VIII
Sergeant-at-Arms (SERG.),5,Henry VIII
Doorkeeper of the Council Chamber (DOORKEEP.),7,Henry VIII
Porter (PORT.),14,Henry VIII
Gardiner's Page (GARD. PAGE.),1,Henry VIII
Crier (CRIER.),3,Henry VIII
Queen Katherine (Q. KATH.),376,Henry VIII
Anne Bullen (ANNE.),58,Henry VIII
Old Lady (OLD L.),68,Henry VIII
Patience (PAT.),6,Henry VIII
Prologue (PROLOGUE.),46,Henry VIII
First Gentleman (1. GENT.),108,Henry VIII
Second Gentleman (2. GENT.),88,Henry VIII
Tipstaves (TIPS.),0,Henry VIII
Halberdiers (HALB.),0,Henry VIII
First Scribe (1. SCRIBE.),1,Henry VIII
Second Scribe (2. SCRIBE.),1,Henry VIII
Bishop of Ely (BISH. ELY.),0,Henry VIII
Bishop of Rochester (BISH. ROCH.),0,Henry VIII
Bishop of Saint Asaph (BISH. ASAPH.),0,Henry VIII
Two Priests (PRIESTS),0,Henry VIII
Gentleman Purse-Bearer (PURSE.),0,Henry VIII
Two Gentlemen Bearers (BEARERS.),0,Henry VIII
Archbishop of Canterbury (ARCH. CANT.),0,Henry VIII
Two Noblemen (NOBLEMEN.),0,Henry VIII
Third Gentleman (3. GENT.),57,Henry VIII
Six Vision Dancers (VIS. DANC.),0,Henry VIII
Maskers (MASKERS.),0,Henry VIII
Messenger (MESS.),4,Henry VIII
Pursuivants (PURS.),0,Henry VIII
Pages (PAGES),0,Henry VIII
Porter's Man (PORT. MAN.),19,Henry VIII
Servant (SERV.),6,Henry VIII
Two Vergers (VERGERS),0,Henry VIII
Two Aldermen of London (ALDERMEN),0,Henry VIII
Four Noblemen (FOUR NOBLE.),0,Henry VIII
Marchioness Dorset (MARCH.),0,Henry VIII
Princess Elizabeth (PRIN. ELIZ.),0,Henry VIII
Lady (LADY),0,Henry VIII
Choristers (CHOR.),0,Henry VIII
Gentlewoman (GENTLEW.),12,Henry VIII
Two Judges (TWO JUDG.),0,Henry VIII
Lord Mayor of London (MAY. LOND.),0,Henry VIII
Marquess Dorset (MARQ. DORS.),0,Henry VIII
Four Barons of the Cinque Ports (FOUR BARONS),0,Henry VIII
Bishop Stokesly of London (BISH. STOK.),0,Henry VIII
Duchess of Norfolk (DUCH. NORF.),0,Henry VIII
Countesses (COUNTESSES),0,Henry VIII
Gentleman (GENT.),1,Henry VIII
Council Guards (COUN. GUARDS),0,Henry VIII
Caesar's Servant (CAES. SERV.),23,Julius Caesar
Portia (POR.),92,Julius Caesar
Calphurnia (CAL.),27,Julius Caesar
Pindarus (PIN.),17,Julius Caesar
Dardanius (DAR.),3,Julius Caesar
Lucius (LUC.),33,Julius Caesar
Strato (STRA.),7,Julius Caesar
Claudio (CLAU.),4,Julius Caesar
Clitus (CLI.),10,Julius Caesar
Varrus (VAR.),6,Julius Caesar
Volumnius (VOL.),3,Julius Caesar
Young Cato (CATO.),8,Julius Caesar
Messala (MES.),39,Julius Caesar
Titinius (TIT.),32,Julius Caesar
Lucilius (LUCIL.),28,Julius Caesar
Soothsayer (SOOTH.),18,Julius Caesar
Artemidorus of Cnidos (ART.),11,Julius Caesar
Murellus (MUR.),31,Julius Caesar
Flavius (FLAV.),27,Julius Caesar
Cinna (CIN.),18,Julius Caesar
"Cinna, a Poet (CIN. POET.)",11,Julius Caesar
A Poet (POET.),7,Julius Caesar
Metellus Cimber (MET.),17,Julius Caesar
Decius Brutus (DEC.),44,Julius Caesar
Caius Ligarius (LIG.),15,Julius Caesar
Trebonius (TREB.),9,Julius Caesar
Casca (CASCA.),90,Julius Caesar
Cassius (CAS.),506,Julius Caesar
Marcus Brutus (BRU.),694,Julius Caesar
Popilius Lena (POP.),2,Julius Caesar
Publius (PUB.),2,Julius Caesar
Cicero (CIC.),9,Julius Caesar
M. Aemilius Lepidus (LEP.),4,Julius Caesar
Mark Antony (ANT.),329,Julius Caesar
Octavius Caesar (OCT.),47,Julius Caesar
Julius Caesar (CAES.),154,Julius Caesar
Messenger (MESS.),4,Julius Caesar
Octavius's Attendant (OCT. ATT.),7,Julius Caesar
Antony's Messenger (ANT. MESS.),0,Julius Caesar
Cobbler (COB.),6,Julius Caesar
Carpenter (CAR.),1,Julius Caesar
First Soldier (1. SOL.),1,Julius Caesar
Second Soldier (2. SOL.),1,Julius Caesar
Third Soldier (3. SOL.),1,Julius Caesar
First Soldier of Antony's (1. ANT. SOL.),2,Julius Caesar
Second Soldier of Antony's (2. ANT. SOL.),1,Julius Caesar
First Plebeian (1. PLEB.),35,Julius Caesar
Second Plebeian (2. PLEB.),19,Julius Caesar
Third Plebeian (3. PLEB.),32,Julius Caesar
Fourth Plebeian (4. PLEB.),33,Julius Caesar
Fifth Plebeian (5. PLEB.),27,Julius Caesar
Lady Faulconbridge (LADY F.),15,King John
Blanch of Spain (BLANCH.),42,King John
Constance (CONST.),265,King John
Queen Elinor (EL.),55,King John
Chatillion (CHAT.),41,King John
Melune (MEL.),39,King John
Cardinal Pandulph (PAND.),164,King John
"Lymoges, Duke of Austria (AUST.)",36,King John
"Lewis, the Dauphin (LEW.)",137,King John
"Philip, King of France (K. PHI.)",209,King John
Peter of Pomfret (PETER.),1,King John
James Gurney (GUR.),1,King John
"Philip, the Bastard (BAST.)",523,King John
Robert Faulconbridge (ROB.),22,King John
Hubert de Burgh (HUB.),205,King John
Lord Bigot (BIG.),9,King John
Earl of Salisbury (SAL.),159,King John
Earl of Essex (ESSEX.),3,King John
Earl of Pembroke (PEM.),79,King John
Arthur (ARTH.),120,King John
Prince Henry (P. HEN.),29,King John
King John (K. JOHN.),438,King John
Executioner (EXEC.),2,King John
English Herald (E. HER.),13,King John
French Herald (F. HER.),12,King John
Sheriff (SHER.),0,King John
The Messenger (MESS.),22,King John
French Messenger (FR. MESS.),6,King John
"Lear, King of Britain (LEAR.)",689,King Lear
King of France (FRANCE.),32,King Lear
Duke of Burgundy (BUR.),12,King Lear
Duke of Cornwall (CORN.),95,King Lear
Duke of Albany (ALB.),156,King Lear
Earl of Kent (KENT.),317,King Lear
Earl of Gloucester (GLOU.),268,King Lear
Edgar (EDG.),327,King Lear
Edmund (EDM.),240,King Lear
Curan (CUR.),4,King Lear
Oswald (OSW.),75,King Lear
Fool (FOOL.),144,King Lear
Goneril (GON.),187,King Lear
Regan (REG.),188,King Lear
Cordelia (COR.),117,King Lear
Old Man (OLD MAN.),12,King Lear
Doctor (DOCT.),18,King Lear
Herald (HER.),6,King Lear
Knight (KNIGHT.),5,King Lear
First Captain (1. CAPT.),3,King Lear
Second Captain (2. CAPT.),1,King Lear
First Servant (1. SERV.),9,King Lear
Second Servant (2. SERV.),5,King Lear
Third Servant (3. SERV.),5,King Lear
First Gentleman (1. GENT.),73,King Lear
Second Gentleman (2. GENT.),6,King Lear
First Messenger (1. MESS.),17,King Lear
Second Messenger (2. MESS.),1,King Lear
French Messenger (FR. MESS.),2,King Lear
King Richard the Second (K. RICH.),758,King Richard II
"John of Gaunt, Duke of Lancaster (GAUNT.)",192,King Richard II
"Edmund of Langley, Duke of York (YORK.)",289,King Richard II
Henry Bullingbrook (BULL.),413,King Richard II
Duke of Aumerle (AUM.),86,King Richard II
Thomas Mowbray (MOW.),135,King Richard II
Duke of Surrey (SURREY.),10,King Richard II
Earl of Salisbury (SAL.),20,King Richard II
Lord Berkeley (BERK.),8,King Richard II
Sir John Bushy (BUSHY.),40,King Richard II
Sir John Bagot (BAGOT.),23,King Richard II
Sir Henry Green (GREEN.),33,King Richard II
Earl of Northumberland (NORTH.),143,King Richard II
Henry Percy (PERCY.),45,King Richard II
Lord Ross (ROSS.),22,King Richard II
Lord Willoughby (WILLO.),12,King Richard II
Lord Fitzwater (FITZ.),27,King Richard II
Bishop of Carlisle (CAR.),63,King Richard II
Abbot of Westminster (ABBOT.),10,King Richard II
Lord Marshal (MAR.),25,King Richard II
Sir Stephen Scroop (SCROOP.),37,King Richard II
Sir Pierce of Exton (EXTON.),21,King Richard II
Welsh Captain (CAP.),15,King Richard II
Queen to King Richard (QUEEN.),115,King Richard II
Duchess of York (DUCH. YORK.),93,King Richard II
Duchess of Gloucester (DUCH.),58,King Richard II
Keeper (KEEP.),5,King Richard II
Gardener (GARD.),52,King Richard II
Servingman (SERV.),5,King Richard II
First Attending Lady (1. LADY),4,King Richard II
Second Attending Lady (2. LADY),2,King Richard II
First Herald (1. HER.),6,King Richard II
Second Herald (2. HER.),7,King Richard II
Exton's First Servant (1. EXT. SERV.),1,King Richard II
Exton's Second Servant (2. EXT. SERV.),1,King Richard II
First Gardener's Man (1. GARD. MAN.),8,King Richard II
Second Gardener's Man (2. GARD. MAN.),2,King Richard II
Groom (GROOM.),12,King Richard II
Another Lord (ANOTHER LORD.),5,King Richard II
"Ferdinand, King of Navarre (KING.)",275,Love's Labour's Lost
Berowne (BER.),580,Love's Labour's Lost
Longaville (LONG.),69,Love's Labour's Lost
Dumaine (DUM.),87,Love's Labour's Lost
Boyet (BOYET.),202,Love's Labour's Lost
Don Adriano de Armado (ARM.),125,Love's Labour's Lost
Sir Nathaniel (NATH.),41,Love's Labour's Lost
Holofernes (HOL.),77,Love's Labour's Lost
Dull (DULL.),17,Love's Labour's Lost
Costard (COST.),114,Love's Labour's Lost
Moth (MOTH.),99,Love's Labour's Lost
Forester (FOR.),6,Love's Labour's Lost
The Princess of France (PRIN.),285,Love's Labour's Lost
Rosaline (ROS.),174,Love's Labour's Lost
Maria (MAR.),38,Love's Labour's Lost
Katherine (KATH.),51,Love's Labour's Lost
Jaquenetta (JAQ.),14,Love's Labour's Lost
Marcade (MARC.),4,Love's Labour's Lost
Blackamoors (BLACK.),0,Love's Labour's Lost
First French Lord (1. FR. LORD.),2,Love's Labour's Lost
Second French Lord (2. FR. LORD.),0,Love's Labour's Lost
"Ver, the Spring (SPRING.)",16,Love's Labour's Lost
"Hiems, the Winter (WINTER.)",16,Love's Labour's Lost
"Duncan, King of Scotland (DUN.)",70,Macbeth
Malcolm (MAL.),210,Macbeth
Donalbain (DON.),9,Macbeth
Macbeth (MACB.),716,Macbeth
Lady Macbeth (LADY MACB.),236,Macbeth
Lady Macduff (L. MACD.),40,Macbeth
Banquo (BAN.),113,Macbeth
Macduff (MACD.),179,Macbeth
Lennox (LEN.),71,Macbeth
Rosse (ROSSE.),135,Macbeth
Menteth (MENT.),12,Macbeth
Angus (ANG.),21,Macbeth
Cathness (CATH.),11,Macbeth
Fleance (FLE.),2,Macbeth
"Siward, Earl of Northumberland (SIW.)",30,Macbeth
Young Siward (Y. SIW.),7,Macbeth
Seyton (SEY.),5,Macbeth
Son to Macduff (SON.),16,Macbeth
English Doctor (DOCT.),14,Macbeth
Doctor of Physic (DOCT. PHYS.),23,Macbeth
Sergeant (SERG.),35,Macbeth
Porter (PORT.),10,Macbeth
Old Man (OLD MAN.),11,Macbeth
First Murderer (1. MUR.),32,Macbeth
Second Murderer (2. MUR.),18,Macbeth
Third Murderer (3. MUR.),8,Macbeth
Servant (SERV.),4,Macbeth
Soldiers (SOLDIERS.),1,Macbeth
Lord (LORD.),24,Macbeth
Gentlewoman (GENT.),14,Macbeth
Hecat (HEC.),40,Macbeth
First Witch (1. WITCH.),82,Macbeth
Second Witch (2. WITCH.),48,Macbeth
Third Witch (3. WITCH.),48,Macbeth
Fourth Witch (4. WITCH.),21,Macbeth
Fifth Witch (5. WITCH.),21,Macbeth
Sixth Witch (6. WITCH.),21,Macbeth
First Apparition (1. APP.),4,Macbeth
Second Apparition (2. APP.),6,Macbeth
Third Apparition (3. APP.),7,Macbeth
Macbeth's Messenger (MACB. MESS.),14,Macbeth
Messenger (MESS.),9,Macbeth
Sewer (SEW.),0,Macbeth
"Vincentio, the Duke (DUKE.)",674,Measure for Measure
Angelo (ANG.),312,Measure for Measure
Escalus (ESCAL.),126,Measure for Measure
Claudio (CLAUD.),112,Measure for Measure
Lucio (LUCIO.),178,Measure for Measure
Provost (PROV.),123,Measure for Measure
Friar Peter Thomas (FRI. PET.),42,Measure for Measure
Justice (JUST.),3,Measure for Measure
Varrius (VARR.),0,Measure for Measure
Elbow (ELB.),28,Measure for Measure
Froth (FROTH.),8,Measure for Measure
Pompey (POM.),63,Measure for Measure
Abhorson (ABHOR.),13,Measure for Measure
Barnardine (BAR.),7,Measure for Measure
Isabella (ISAB.),409,Measure for Measure
Mariana (MARI.),67,Measure for Measure
Juliet (JUL.),10,Measure for Measure
Francisca (FRAN.),9,Measure for Measure
Mistress Overdone (MRS. OV.),16,Measure for Measure
Servant (SERV.),5,Measure for Measure
First Gentleman (1. GENT.),13,Measure for Measure
Second Gentleman (2. GENT.),9,Measure for Measure
Boy (BOY.),6,Measure for Measure
Messenger (MESS.),1,Measure for Measure
Attendant (ATT.),0,Measure for Measure
The Duke of Venice (DUKE.),58,The Merchant of Venice
Antonio (ANT.),189,The Merchant of Venice
Bassanio (BASS.),322,The Merchant of Venice
Solanio (SOL.),58,The Merchant of Venice
Gratiano (GRA.),175,The Merchant of Venice
Salerio (SAL.),104,The Merchant of Venice
Lorenzo (LOR.),168,The Merchant of Venice
Shylock (SHY.),287,The Merchant of Venice
Tubal (TUB.),8,The Merchant of Venice
Launcelot Gobbo (LAUN.),48,The Merchant of Venice
Old Gobbo (GOB.),19,The Merchant of Venice
Leonardo (LEON.),2,The Merchant of Venice
Balthazar (BALTH.),1,The Merchant of Venice
Stephano (STEPH.),19,The Merchant of Venice
Portia (POR.),509,The Merchant of Venice
Nerissa (NER.),60,The Merchant of Venice
Jessica (JES.),79,The Merchant of Venice
The Prince of Morocco (MOR.),103,The Merchant of Venice
The Prince of Arragon (AR.),66,The Merchant of Venice
Jailer (JAIL.),0,The Merchant of Venice
Portia's Servant (SERV.),1,The Merchant of Venice
Antonio's Servant (ANT. SERV.),1,The Merchant of Venice
Singer (SING.),8,The Merchant of Venice
Sir John Falstaff (FAL.),148,The Merry Wives of Windsor
Fenton (FENT.),93,The Merry Wives of Windsor
Robert Shallow (SHAL.),60,The Merry Wives of Windsor
Francis Ford (FORD.),114,The Merry Wives of Windsor
George Page (PAGE.),97,The Merry Wives of Windsor
William Page (WILL.),11,The Merry Wives of Windsor
Sir Hugh Evans (EVANS.),111,The Merry Wives of Windsor
Mistress Alice Ford (MRS. FORD.),95,The Merry Wives of Windsor
Mistress Margaret Page (MRS. PAGE.),168,The Merry Wives of Windsor
Mistress Anne Page (ANNE.),27,The Merry Wives of Windsor
Mistress Quickly (QUICK.),122,The Merry Wives of Windsor
Doctor Caius (CAIUS.),52,The Merry Wives of Windsor
Host of the Garter Inn (HOST.),49,The Merry Wives of Windsor
Bardolph (BARD.),14,The Merry Wives of Windsor
Pistol (PIST.),55,The Merry Wives of Windsor
Nym (NYM.),14,The Merry Wives of Windsor
Robin (ROB.),6,The Merry Wives of Windsor
Peter Simple (SIM.),25,The Merry Wives of Windsor
John Rugby (RUG.),10,The Merry Wives of Windsor
Abraham Slender (SLEN.),62,The Merry Wives of Windsor
First Servant (1. SERV.),3,The Merry Wives of Windsor
Second Servant (2. SERV.),1,The Merry Wives of Windsor
Children of Windsor (CHILD. WIND.),0,The Merry Wives of Windsor
Postmaster's Boy (POST. BOY),0,The Merry Wives of Windsor
Boy (BOY),0,The Merry Wives of Windsor
"Theseus, Duke of Athens (THE.)",212,A Midsummer Night's Dream
Egeus (EGE.),41,A Midsummer Night's Dream
Lysander (LYS.),176,A Midsummer Night's Dream
Demetrius (DEM.),128,A Midsummer Night's Dream
Philostrate (PHIL.),24,A Midsummer Night's Dream
Quince (QUIN.),74,A Midsummer Night's Dream
Bottom (BOT.),123,A Midsummer Night's Dream
Flute (FLU.),48,A Midsummer Night's Dream
Snout (SNOUT.),19,A Midsummer Night's Dream
Snug (SNUG.),11,A Midsummer Night's Dream
Starveling (STAR.),8,A Midsummer Night's Dream
Hippolyta (HIP.),29,A Midsummer Night's Dream
Hermia (HER.),165,A Midsummer Night's Dream
Helena (HEL.),229,A Midsummer Night's Dream
Oberon (OBE.),225,A Midsummer Night's Dream
Titania (TITA.),141,A Midsummer Night's Dream
Puck (PUCK.),206,A Midsummer Night's Dream
Peaseblossom (PEAS.),5,A Midsummer Night's Dream
Cobweb (COB.),5,A Midsummer Night's Dream
Moth (MOTH.),3,A Midsummer Night's Dream
Mustardseed (MUS.),6,A Midsummer Night's Dream
A Fairy (FAIRY.),36,A Midsummer Night's Dream
First Fairy (1. FAIRY.),16,A Midsummer Night's Dream
Second Fairy (2. FAIRY.),10,A Midsummer Night's Dream
Don Pedro (D. PEDRO.),183,Much Ado About Nothing
Don John (D. JOHN.),47,Much Ado About Nothing
Claudio (CLAUD.),221,Much Ado About Nothing
Benedick (BENE.),161,Much Ado About Nothing
Leonato (LEON.),265,Much Ado About Nothing
Antonio (ANT.),44,Much Ado About Nothing
Balthasar (BALTH.),33,Much Ado About Nothing
Conrade (CON.),23,Much Ado About Nothing
Borachio (BORA.),47,Much Ado About Nothing
Friar Francis (FRIAR.),80,Much Ado About Nothing
Hero (HERO.),124,Much Ado About Nothing
Beatrice (BEAT.),119,Much Ado About Nothing
Margaret (MARG.),26,Much Ado About Nothing
Ursula (URS.),37,Much Ado About Nothing
Dogberry (DOG.),52,Much Ado About Nothing
Verges (VERG.),18,Much Ado About Nothing
Sexton (SEX.),7,Much Ado About Nothing
Boy (BOY.),2,Much Ado About Nothing
Messenger (MESS.),18,Much Ado About Nothing
First Watchman (1. WATCH.),5,Much Ado About Nothing
Second Watchman (2. WATCH.),17,Much Ado About Nothing
Watchmen (WATCH.),0,Much Ado About Nothing
Lord (A LORD.),1,Much Ado About Nothing
Duke of Venice (DUKE.),65,Othello
Brabantio (BRA.),139,Othello
Gratiano (GRA.),26,Othello
Lodovico (LOD.),76,Othello
Othello (OTH.),848,Othello
Cassio (CAS.),224,Othello
Iago (IAGO.),881,Othello
Roderigo (ROD.),87,Othello
Montano (MON.),58,Othello
Desdemona (DES.),365,Othello
Emilia (EMIL.),236,Othello
Bianca (BIAN.),26,Othello
Sailor (SAIL.),4,Othello
Officer (OFF.),5,Othello
Clown (CLO.),14,Othello
First Messenger (1. MESS.),9,Othello
Second Messenger (2. MESS.),2,Othello
Herald (HER.),1,Othello
First Senator (1. SEN.),26,Othello
Second Senator (2. SEN.),5,Othello
First Musician (1. MUS.),5,Othello
First Gentleman (1. GENT.),4,Othello
Second Gentleman (2. GENT.),15,Othello
Third Gentleman (3. GENT.),18,Othello
Gower (GOW.),307,Pericles
Antiochus (ANT.),68,Pericles
Pericles (PER.),597,Pericles
Helicanus (HEL.),123,Pericles
Escanes (ESCA.),2,Pericles
Simonides (SIM.),157,Pericles
Cleon (CLE.),110,Pericles
Lysimachus (LYS.),89,Pericles
Cerimon (CER.),109,Pericles
Thaliard (THAL.),21,Pericles
Philemon (PHIL.),1,Pericles
Leonine (LEON.),23,Pericles
Marshal (MARSHAL.),1,Pericles
Pander (PAND.),10,Pericles
Boult (BOULT.),38,Pericles
Daughter of Antiochus (DAUGH.),2,Pericles
Dionyza (DION.),88,Pericles
Thaisa (THAI.),80,Pericles
Marina (MAR.),182,Pericles
Lychorida (LYC.),11,Pericles
Bawd (BAWD.),45,Pericles
Diana (DIA.),10,Pericles
First Fisherman (1. FISH.),15,Pericles
Second Fisherman (2. FISH.),12,Pericles
Third Fisherman (3. FISH.),6,Pericles
First Knight (1. KNIGHT.),7,Pericles
Second Knight (2. KNIGHT.),4,Pericles
Third Knight (3. KNIGHT.),4,Pericles
Fourth Knight (4. KNIGHT.),3,Pericles
Fifth Knight (5. KNIGHT.),3,Pericles
Five Pages (FIVE PAGES),0,Pericles
First Lord of Tyre (1. LORD. TYRE.),17,Pericles
Second Lord of Tyre (2. LORD. TYRE.),9,Pericles
Third Lord of Tyre (3. LORD. TYRE.),1,Pericles
Antiochan Messenger (ANT. MESS.),1,Pericles
First Lord of Pentapolis (1. LORD. PENT.),6,Pericles
Second Lord of Pentapolis (2. LORD. PENT.),2,Pericles
Third Lord of Pentapolis (3. LORD. PENT.),2,Pericles
First Sailor (1. SAIL.),5,Pericles
Second Sailor (2. SAIL.),3,Pericles
First Gentleman of Ephesus (1. GENT. EPH.),17,Pericles
Second Gentleman of Ephesus (2. GENT. EPH.),15,Pericles
Ephesan Servant (EPH. SERV.),2,Pericles
First Pirate (1. PIRATE.),2,Pericles
Second Pirate (2. PIRATE.),1,Pericles
Third Pirate (3. PIRATE.),1,Pericles
First Gentleman of Mytilene (1. GENT. MYT.),3,Pericles
Second Gentleman of Mytilene (2. GENT. MYT.),2,Pericles
First Tyrian Messenger (1. TYR. MESS.),0,Pericles
Second Tyrian Messenger (2. TYR. MESS.),0,Pericles
First Gentleman of Tyre (1. GENT. TYRE.),1,Pericles
Sailor of Tyre (TYR. SAIL.),9,Pericles
Sailor of Mytilene (MYT. SAIL.),0,Pericles
Virgins (VIRGINS),0,Pericles
Lord of Tarsus (LORD. TAR.),7,Pericles
Marina's Lady (MAR. LADY),0,Pericles
Cerimon's First Servant (1. CER. SERV.),6,Pericles
Cerimon's Second Servant (2. CER. SERV.),0,Pericles
Lord of Myteline (LORD. MYT.),3,Pericles
Man (MAN.),0,Pericles
King Edward the Fourth (K. EDW.),65,Richard III
"Edward, Prince of Wales (PRINCE.)",43,Richard III
"Richard, Duke of York (YORK.)",39,Richard III
"George, Duke of Clarence (CLAR.)",165,Richard III
Edward Plantagenet (EDW.),32,Richard III
"Richard, Duke of Gloucester (GLOU.)","1,152",Richard III
"Henry, Earl of Richmond (RICHM.)",137,Richard III
Cardinal Bourchier (CARD.),9,Richard III
"Thomas Rotherham, Archbishop of York (ARCH.)",12,Richard III
"John Morton, Bishop of Ely (ELY.)",6,Richard III
Duke of Buckingham (BUCK.),377,Richard III
Duke of Norfolk (NOR.),12,Richard III
Earl of Surrey (SUR.),1,Richard III
Earl Rivers (RIV.),51,Richard III
Marquess of Dorset (DOR.),16,Richard III
Lord Grey (GREY.),16,Richard III
Earl of Oxford (OXF.),2,Richard III
Lord Hastings (HAST.),141,Richard III
Lord Stanley (STAN.),108,Richard III
Lord Lovel (LOV.),3,Richard III
Sir Thomas Vaughan (VAUG.),5,Richard III
Sir Richard Ratcliffe (RAT.),33,Richard III
Sir William Catesby (CATE.),58,Richard III
Sir James Tyrrel (TYR.),37,Richard III
Sir James Blunt (BLUNT.),8,Richard III
Sir Walter Herbert (HERB.),1,Richard III
Sir Robert Brakenbury (BRAK.),31,Richard III
Sir William Brandon (BRAND.),0,Richard III
Christopher Urswick (CHRIS.),8,Richard III
Queen Elizabeth (Q. ELIZ.),272,Richard III
Queen Margaret (Q. MAR.),219,Richard III
Duchess of York (DUCH.),142,Richard III
Lady Anne (ANNE.),165,Richard III
Tressel (TRESS.),0,Richard III
Berkeley (BERK.),0,Richard III
Keeper in the Tower (KEEP.),17,Richard III
Lord Mayor of London (MAY.),14,Richard III
Sheriff of Wiltshire (SHER.),2,Richard III
Pursuivant (PURS.),3,Richard III
Margaret Plantagenet (MARG.),16,Richard III
Sir John (PRIEST.),2,Richard III
First Murderer (1. MUR.),57,Richard III
Second Murderer (2. MUR.),37,Richard III
Gentleman (GENT.),1,Richard III
First Citizen (1. CIT.),8,Richard III
Second Citizen (2. CIT.),13,Richard III
Third Citizen (3. CIT.),28,Richard III
Messenger to the Queen (MESS. QUEEN.),9,Richard III
Stanley Messenger (STAN. MESS.),15,Richard III
Scrivener (SCRIV.),14,Richard III
Aldermen of London (ALD.),0,Richard III
Halberds (HALB.),0,Richard III
Two Bishops (TWO BISH.),0,Richard III
Page (PAGE.),6,Richard III
First Messenger (1. MESS.),5,Richard III
Second Messenger (2. MESS.),3,Richard III
Third Messenger (3. MESS.),7,Richard III
Fourth Messenger (4. MESS.),10,Richard III
Fifth Messenger (5. MESS.),1,Richard III
Ghost of King Henry VI (GHOST. OF HENRY.),9,Richard III
Ghost of Prince Edward of Lancaster (GHOST. OF ED.),6,Richard III
First Lord to Richmond (1. LORD. RICH.),2,Richard III
Second Lord to Richmond (2. LORD. RICH.),1,Richard III
Chorus (CHORUS.),28,Romeo and Juliet
Prince Escalus (PRIN.),75,Romeo and Juliet
Paris (PAR.),70,Romeo and Juliet
Montague (MON.),41,Romeo and Juliet
Capulet (CAP.),271,Romeo and Juliet
Old Capulet (OLD. CAP.),3,Romeo and Juliet
Romeo (ROM.),593,Romeo and Juliet
Mercutio (MER.),175,Romeo and Juliet
Benvolio (BEN.),157,Romeo and Juliet
Tybalt (TYB.),34,Romeo and Juliet
Petruchio (PETR.),0,Romeo and Juliet
Friar Lawrence (FRI. L.),351,Romeo and Juliet
Friar John (FRI. J.),13,Romeo and Juliet
Balthasar (BAL.),32,Romeo and Juliet
Abram (ABR.),5,Romeo and Juliet
Sampson (SAM.),20,Romeo and Juliet
Gregory (GRE.),15,Romeo and Juliet
Peter (PET.),19,Romeo and Juliet
Page to Paris (PAGE.),9,Romeo and Juliet
Apothecary (AP.),7,Romeo and Juliet
Lady Montague (LA. MON.),3,Romeo and Juliet
Lady Capulet (LA. CAP.),114,Romeo and Juliet
Juliet (JUL.),544,Romeo and Juliet
Nurse (NURSE.),241,Romeo and Juliet
Citizens of Verona (CITIZENS.),6,Romeo and Juliet
First Watchman (1. WATCH.),19,Romeo and Juliet
Second Watchman (2. WATCH.),1,Romeo and Juliet
Third Watchman (3. WATCH.),3,Romeo and Juliet
First Musician (1. MUS.),10,Romeo and Juliet
Second Musician (2. MUS.),3,Romeo and Juliet
Third Musician (3. MUS.),1,Romeo and Juliet
First Servingman (1. SERV.),6,Romeo and Juliet
Second Servingman (2. SERV.),14,Romeo and Juliet
Third Servingman (3. SERV.),1,Romeo and Juliet
Anthony (ANT.),1,Romeo and Juliet
Potpan (POT.),1,Romeo and Juliet
Mercutio's Page (MERC. PAGE),0,Romeo and Juliet
Earl of Shrewsbury (SHREWSBURY.),101,Sir Thomas More
Earl of Surrey (SURREY.),152,Sir Thomas More
Sir Thomas Palmer (PALMER.),38,Sir Thomas More
Sir Roger Cholmley (CHOLMLEY.),13,Sir Thomas More
Sir Thomas More (MORE.),851,Sir Thomas More
Lord Mayor (LORD MAYOR.),51,Sir Thomas More
Sir John Munday (MUNDAY.),5,Sir Thomas More
Justice Suresby (SURESBY.),68,Sir Thomas More
Recorder (RECORDER.),4,Sir Thomas More
Sergeant at Arms (SERG.),4,Sir Thomas More
Clerk of the Council (CLERK.),1,Sir Thomas More
Erasmus (ERASMUS.),25,Sir Thomas More
Bishop of Rochester (ROCHESTER.),32,Sir Thomas More
Roper (ROPER.),47,Sir Thomas More
Roper's Wife (ROP. WIFE.),10,Sir Thomas More
John Lincoln (LINCOLN.),64,Sir Thomas More
George Betts (GEORGE.),18,Sir Thomas More
Williamson (WILLIAMSON.),14,Sir Thomas More
Sherwin (SHERWIN.),8,Sir Thomas More
Francis de Barde (BARDE.),6,Sir Thomas More
Caveler (CAVELER.),3,Sir Thomas More
Lifter (LIFTER.),50,Sir Thomas More
Smart (SMART.),0,Sir Thomas More
Harry (HARRY.),6,Sir Thomas More
Robin (ROBIN.),1,Sir Thomas More
Kit (KIT.),4,Sir Thomas More
Morris (MORRIS.),16,Sir Thomas More
Faulkner (FAULKNER.),32,Sir Thomas More
Gough (GOUGH.),15,Sir Thomas More
Catesby (CATESBY.),14,Sir Thomas More
Randall (RANDALL.),10,Sir Thomas More
Downes (DOWNES.),1,Sir Thomas More
Ned (BUTLER.),3,Sir Thomas More
Robin (BREWER.),3,Sir Thomas More
Ralph (HORSEKEEPER.),3,Sir Thomas More
Giles (PORTER.),3,Sir Thomas More
Lieutenant of the Tower (LIEUTENANT.),23,Sir Thomas More
Gentleman Porter of the Tower (GENTLEMAN PORTER.),3,Sir Thomas More
Hangman (HANGMAN.),5,Sir Thomas More
Servingman (MAN.),10,Sir Thomas More
Crofts (CROFTS.),6,Sir Thomas More
Servant to More (SERVANT.),5,Sir Thomas More
Lady More (LADY MORE.),72,Sir Thomas More
Daughter to More (DAUGHTER.),7,Sir Thomas More
Lady Mayoress (LADY MAYORESS.),3,Sir Thomas More
Doll Williamson (DOLL.),74,Sir Thomas More
A Poor Woman (POOR WOMAN.),11,Sir Thomas More
Player of Inclination the Vice (INCLINATION.),58,Sir Thomas More
Player of Lady Vanity (VANITY.),10,Sir Thomas More
Player of Wit (WIT.),43,Sir Thomas More
Player of Prologue (PLAYER.),14,Sir Thomas More
Luggins (LUGGINS.),5,Sir Thomas More
First Officer (1. OFFICER.),3,Sir Thomas More
Second Officer (2. OFFICER.),9,Sir Thomas More
First Warder of the Tower (1. WARDER.),3,Sir Thomas More
Second Warder of the Tower (2. WARDER.),17,Sir Thomas More
Third Warder of the Tower (3. WARDER.),7,Sir Thomas More
First Sheriff (1. SHERIFF.),47,Sir Thomas More
Second Sheriff (2. SHERIFF.),8,Sir Thomas More
First Messenger (1. MESS.),6,Sir Thomas More
Second Messenger (2. MESS.),4,Sir Thomas More
Third Messenger (3. MESS.),12,Sir Thomas More
Clown Betts (CLOWN.),34,Sir Thomas More
Lord (LORD.),147,The Taming of the Shrew
Christopher Sly (SLY.),36,The Taming of the Shrew
Hostess (HOST.),3,The Taming of the Shrew
Page (Bartholomew) (PAGE.),16,The Taming of the Shrew
Baptista (BAP.),168,The Taming of the Shrew
Vincentio (VIN.),22,The Taming of the Shrew
Lucentio (LUC.),182,The Taming of the Shrew
Petruchio (PET.),577,The Taming of the Shrew
Gremio (GRE.),146,The Taming of the Shrew
Hortensio (HOR.),189,The Taming of the Shrew
Tranio (TRA.),289,The Taming of the Shrew
Biondello (BION.),56,The Taming of the Shrew
Grumio (GRU.),78,The Taming of the Shrew
Curtis (CURT.),24,The Taming of the Shrew
Pedant (PED.),45,The Taming of the Shrew
Katherina (KATH.),217,The Taming of the Shrew
Bianca (BIAN.),66,The Taming of the Shrew
Widow (WID.),11,The Taming of the Shrew
Tailor (TAI.),15,The Taming of the Shrew
Haberdasher (HAB.),1,The Taming of the Shrew
Peter (PETER.),2,The Taming of the Shrew
First Servingman (1. SERV.),18,The Taming of the Shrew
Second Servingman (2. SERV.),13,The Taming of the Shrew
Third Servingman (3. SERV.),13,The Taming of the Shrew
First Player (1. PLAY.),4,The Taming of the Shrew
Second Player (2. PLAY.),2,The Taming of the Shrew
First Huntsman (1. HUN.),9,The Taming of the Shrew
Second Huntsman (2. HUN.),3,The Taming of the Shrew
Nicholas (NICH.),2,The Taming of the Shrew
Joseph (JOS.),3,The Taming of the Shrew
Philip (PHIL.),2,The Taming of the Shrew
Nathaniel (NATH.),5,The Taming of the Shrew
Baptista's Messenger (BAP. MESS.),3,The Taming of the Shrew
Messenger (MESS.),8,The Taming of the Shrew
Baptista’s Servant (BAP. SERV.),0,The Taming of the Shrew
Officer (OFF.),0,The Taming of the Shrew
Alonso (ALON.),108,The Tempest
Sebastian (SEB.),114,The Tempest
Prospero (PROS.),676,The Tempest
Antonio (ANT.),142,The Tempest
Ferdinand (FER.),149,The Tempest
Gonzalo (GON.),135,The Tempest
Adrian (ADR.),9,The Tempest
Francisco (FRAN.),11,The Tempest
Caliban (CAL.),170,The Tempest
Trinculo (TRIN.),40,The Tempest
Stephano (STE.),79,The Tempest
Miranda (MIR.),154,The Tempest
Ariel (ARI.),174,The Tempest
Iris (IRIS.),41,The Tempest
Ceres (CER.),24,The Tempest
Juno (JUNO.),7,The Tempest
Master of a Ship (MAST.),2,The Tempest
Boatswain (BOATS.),28,The Tempest
Mariners (MARINERS.),1,The Tempest
Timon of Athens (TIM.),769,Timon of Athens
Alcibiades (ALCIB.),157,Timon of Athens
Apemantus (APEM.),193,Timon of Athens
Caphis (CAPH.),21,Timon of Athens
Cupid (CUP.),6,Timon of Athens
First Bandit (1. BAN.),7,Timon of Athens
Second Bandit (2. BAN.),8,Timon of Athens
Third Bandit (3. BAN.),7,Timon of Athens
First Lady Amazon Masker (1. LADY MASK.),1,Timon of Athens
All Lady Amazon Maskers (ALL LADY MASK.),1,Timon of Athens
First Lord (1. LORD.),34,Timon of Athens
Second Lord (2. LORD.),36,Timon of Athens
Third Lord (3. LORD.),14,Timon of Athens
Fourth Lord (4. LORD.),5,Timon of Athens
First Senator (1. SEN.),87,Timon of Athens
Second Senator (2. SEN.),61,Timon of Athens
Third Senator (3. SEN.),39,Timon of Athens
Fourth Senator (4. SEN.),1,Timon of Athens
First Stranger (1. STRAN.),26,Timon of Athens
Second Stranger (2. STRAN.),3,Timon of Athens
Third Stranger (3. STRAN.),1,Timon of Athens
Flaminius (FLAM.),35,Timon of Athens
Flavius (FLAV.),204,Timon of Athens
Fool (FOOL.),9,Timon of Athens
Hortensius (HOR.),9,Timon of Athens
Isidore's Servant (ISID. SERV.),13,Timon of Athens
Jeweller (JEW.),12,Timon of Athens
Lucilius (LUCIL.),5,Timon of Athens
Lucius (LUC.),13,Timon of Athens
Lucius's Servant (LUC. SERV.),31,Timon of Athens
Lucullus (LUCUL.),9,Timon of Athens
Lucullus's Servant (LUCUL. SERV.),3,Timon of Athens
Merchant (MER.),11,Timon of Athens
Messenger (MESS.),13,Timon of Athens
Messenger from Ventidius (MESS. VENT.),7,Timon of Athens
Old Athenian (OLD ATH.),29,Timon of Athens
Painter (PAIN.),79,Timon of Athens
Philotus (PHI.),6,Timon of Athens
Phrynia (PHRY.),5,Timon of Athens
Poet (POET.),114,Timon of Athens
Sempronius (SEM.),25,Timon of Athens
Servilius (SER.),24,Timon of Athens
Soldier (SOLD.),15,Timon of Athens
Timandra (TIMAN.),8,Timon of Athens
Timon's Page (TIM. PAGE.),4,Timon of Athens
Timon's Servant (TIM. SERV.),18,Timon of Athens
Titus (TIT.),14,Timon of Athens
Varro's First Servant (1. VAR. SERV.),25,Timon of Athens
Varro's Second Servant (2. VAR. SERV.),10,Timon of Athens
Ventidius (VEN.),9,Timon of Athens
Saturninus (SAT.),211,Titus Andronicus
Bassianus (BAS.),63,Titus Andronicus
Titus Andronicus (TIT.),706,Titus Andronicus
Marcus Andronicus (MARC.),297,Titus Andronicus
Lucius (LUC.),181,Titus Andronicus
Quintus (QUIN.),25,Titus Andronicus
Martius (MART.),33,Titus Andronicus
Mutius (MUT.),4,Titus Andronicus
Young Lucius (Y. LUC.),45,Titus Andronicus
Aemilius (AEMIL.),44,Titus Andronicus
Publius (PUB.),14,Titus Andronicus
Sempronius (SEMP.),0,Titus Andronicus
Caius (CAI.),0,Titus Andronicus
Valentine (VAL.),0,Titus Andronicus
Alarbus (ALAR.),0,Titus Andronicus
Demetrius (DEM.),94,Titus Andronicus
Chiron (CHI.),52,Titus Andronicus
Aaron (AAR.),354,Titus Andronicus
Tamora (TAM.),258,Titus Andronicus
Lavinia (LAV.),59,Titus Andronicus
Nurse (NUR.),19,Titus Andronicus
Senators (SENATORS),0,Titus Andronicus
Messenger (MESS.),7,Titus Andronicus
Clown (CLO.),13,Titus Andronicus
Tribune (TRIB.),3,Titus Andronicus
Tribunes (TRIBUNES.),0,Titus Andronicus
A Black Child (BL. CHILD.),0,Titus Andronicus
Judges (JUDGES),0,Titus Andronicus
First Goth (1. GOTH.),11,Titus Andronicus
Second Goth (2. GOTH.),20,Titus Andronicus
Third Goth (3. GOTH.),3,Titus Andronicus
Roman Captain (ROM. CAP.),6,Titus Andronicus
"Priam, King of Troy (PRI.)",20,Troilus and Cressida
Hector (HECT.),213,Troilus and Cressida
Troilus (TRO.),519,Troilus and Cressida
Paris (PAR.),91,Troilus and Cressida
Deiphobus (DEI.),3,Troilus and Cressida
Helenus (HEL.),4,Troilus and Cressida
Margarelon (MAR.),3,Troilus and Cressida
Aeneas (AENE.),139,Troilus and Cressida
Calchas (CAL.),31,Troilus and Cressida
Pandarus (PAN.),195,Troilus and Cressida
Agamemnon (AGAM.),188,Troilus and Cressida
Menelaus (MEN.),12,Troilus and Cressida
Nestor (NEST.),152,Troilus and Cressida
Ulysses (ULYSS.),484,Troilus and Cressida
Achilles (ACHIL.),179,Troilus and Cressida
Ajax (AJAX.),74,Troilus and Cressida
Diomedes (DIO.),103,Troilus and Cressida
Patroclus (PATR.),63,Troilus and Cressida
Thersites (THER.),92,Troilus and Cressida
Helen (HELEN.),21,Troilus and Cressida
Andromache (AND.),15,Troilus and Cressida
Cassandra (CAS.),37,Troilus and Cressida
Cressida (CRES.),264,Troilus and Cressida
Prologue (PROLOGUE.),31,Troilus and Cressida
Troilus's Boy (TRO. BOY.),3,Troilus and Cressida
Paris's Servant (PAR. SERV.),14,Troilus and Cressida
Greek Trumpeter (GREEK TRUM.),0,Troilus and Cressida
Alexander (ALEX.),19,Troilus and Cressida
Antenor (ANT.),1,Troilus and Cressida
Trojan Trumpeter (TROJ. TRUM.),0,Troilus and Cressida
Diomedes's Servant (DIO. SERV.),1,Troilus and Cressida
Greek Knight (GREEK. KNI.),0,Troilus and Cressida
Myrmidon (MYR.),1,Troilus and Cressida
Myrmidons (MYRMIDONS.),1,Troilus and Cressida
Musicians (MUSIC.),0,Troilus and Cressida
Trojan Soldiers (TROJ. SOLD.),0,Troilus and Cressida
Orsino (DUKE.),215,Twelfth Night
Sebastian (SEB.),98,Twelfth Night
Antonio (ANT.),105,Twelfth Night
Sea Captain (CAP.),32,Twelfth Night
Valentine (VAL.),11,Twelfth Night
Curio (CUR.),4,Twelfth Night
Sir Toby Belch (SIR TO.),163,Twelfth Night
Sir Andrew Aguecheek (SIR AND.),88,Twelfth Night
Malvolio (MAL.),115,Twelfth Night
Fabian (FAB.),65,Twelfth Night
Feste (CLO.),163,Twelfth Night
Olivia (OLI.),272,Twelfth Night
Viola (VIO.),287,Twelfth Night
Maria (MAR.),61,Twelfth Night
Olivia's Servant (SERV.),1,Twelfth Night
Priest (PRIEST.),8,Twelfth Night
First Officer (1. OFF.),12,Twelfth Night
Second Officer (2. OFF.),3,Twelfth Night
Duke of Milan (DUKE.),199,The Two Gentlemen of Verona
Valentine (VAL.),372,The Two Gentlemen of Verona
Proteus (PRO.),438,The Two Gentlemen of Verona
Antonio (ANT.),35,The Two Gentlemen of Verona
Thurio (THU.),54,The Two Gentlemen of Verona
Eglamour (EGL.),29,The Two Gentlemen of Verona
Host (HOST.),31,The Two Gentlemen of Verona
Speed (SPEED.),131,The Two Gentlemen of Verona
Launce (LAUNCE.),69,The Two Gentlemen of Verona
Panthino (PAN.),36,The Two Gentlemen of Verona
Julia (JUL.),320,The Two Gentlemen of Verona
Silvia (SIL.),155,The Two Gentlemen of Verona
Lucetta (LUC.),72,The Two Gentlemen of Verona
Musicians (MUSIC.),0,The Two Gentlemen of Verona
First Outlaw (1. OUT.),22,The Two Gentlemen of Verona
Second Outlaw (2. OUT.),16,The Two Gentlemen of Verona
Third Outlaw (3. OUT.),26,The Two Gentlemen of Verona
Crab (CRAB),0,The Two Gentlemen of Verona
"Theseus, Duke of Athens (THE.)",329,The Two Noble Kinsmen
Pirithous (PIR.),125,The Two Noble Kinsmen
Palamon (PAL.),595,The Two Noble Kinsmen
Arcite (ARC.),490,The Two Noble Kinsmen
Valerius (VAL.),12,The Two Noble Kinsmen
Herald (HER.),9,The Two Noble Kinsmen
Jailer (JAIL.),96,The Two Noble Kinsmen
Wooer to the Jailer's Daughter (WOOER.),101,The Two Noble Kinsmen
Doctor (DOCT.),53,The Two Noble Kinsmen
Hippolyta (HIP.),102,The Two Noble Kinsmen
Emilia (EMIL.),372,The Two Noble Kinsmen
Jailer's Daughter (DAUGH.),273,The Two Noble Kinsmen
Waiting-Woman to Emilia (WOMAN.),13,The Two Noble Kinsmen
Boy (BOY),24,The Two Noble Kinsmen
Bavian (BAVIAN.),1,The Two Noble Kinsmen
Gentleman (GENT.),4,The Two Noble Kinsmen
Gerrold (SCHOOL.),107,The Two Noble Kinsmen
Hymen (HYM.),0,The Two Noble Kinsmen
Prologue (PRO.),50,The Two Noble Kinsmen
First Queen (1. QUEEN.),76,The Two Noble Kinsmen
Second Queen (2. QUEEN.),53,The Two Noble Kinsmen
Third Queen (3. QUEEN.),50,The Two Noble Kinsmen
First Country Folk (1. COUN.),15,The Two Noble Kinsmen
Second Country Folk (2. COUN.),30,The Two Noble Kinsmen
Third Country Folk (3. COUN.),25,The Two Noble Kinsmen
Fourth Country Folk (4. COUN.),17,The Two Noble Kinsmen
Jailer's First Friend (1. FRIEND.),27,The Two Noble Kinsmen
Jailer's Second Friend (2. FRIEND.),22,The Two Noble Kinsmen
Jailer's Brother (JAIL. BROTH.),10,The Two Noble Kinsmen
First Messenger (1. MESS.),48,The Two Noble Kinsmen
Second Messenger (2. MESS.),1,The Two Noble Kinsmen
Servant (SERV.),13,The Two Noble Kinsmen
First Knight (1. KNIGHT.),8,The Two Noble Kinsmen
Second Knight (2. KNIGHT.),6,The Two Noble Kinsmen
Third Knight (3. KNIGHT.),3,The Two Noble Kinsmen
Timothy the Taborer (TABORER.),1,The Two Noble Kinsmen
Artesius (ART.),0,The Two Noble Kinsmen
Nell (NELL.),1,The Two Noble Kinsmen
Friz (FRIZ.),0,The Two Noble Kinsmen
Maudline (MAUD.),0,The Two Noble Kinsmen
Luce (LUCE.),0,The Two Noble Kinsmen
Barbary (BARB.),0,The Two Noble Kinsmen
Executioner (EXEC.),0,The Two Noble Kinsmen
First Knight Attending Arcite (1. KNIGHT. ARC.),0,The Two Noble Kinsmen
Second Knight Attending Arcite (2. KNIGHT. ARC.),0,The Two Noble Kinsmen
Third Knight Attending Arcite (3. KNIGHT. ARC.),0,The Two Noble Kinsmen
"Leontes, King of Sicilia (LEON.)",692,The Winter's Tale
Mamillius (MAM.),22,The Winter's Tale
Camillo (CAM.),263,The Winter's Tale
Antigonus (ANT.),111,The Winter's Tale
Cleomines (CLEO.),24,The Winter's Tale
Dion (DION.),28,The Winter's Tale
"Polixenes, King of Bohemia (POL.)",237,The Winter's Tale
Florizel (FLO.),205,The Winter's Tale
Archidamus (ARCH.),7,The Winter's Tale
Old Shepherd (SHEP.),88,The Winter's Tale
Clown (CLO.),65,The Winter's Tale
Autolycus (AUT.),122,The Winter's Tale
Mariner (MAR.),11,The Winter's Tale
Jailer (JAIL.),13,The Winter's Tale
Hermione (HER.),211,The Winter's Tale
Perdita (PER.),128,The Winter's Tale
Paulina (PAUL.),333,The Winter's Tale
Emilia (EMIL.),20,The Winter's Tale
Mopsa (MOP.),15,The Winter's Tale
Dorcas (DOR.),12,The Winter's Tale
"Time, as Chorus (TIME.)",32,The Winter's Tale
First Lady (1. LADY),9,The Winter's Tale
Second Lady (2. LADY),4,The Winter's Tale
Officer (OFF.),14,The Winter's Tale
First Lord (1. LORD.),63,The Winter's Tale
First Gentleman (1. GENT.),7,The Winter's Tale
Second Gentleman (2. GENT.),5,The Winter's Tale
Third Gentleman (3. GENT.),6,The Winter's Tale
Servant of the Old Shepherd (SERV. OLD.),3,The Winter's Tale
First Servant (1. SERV.),29,The Winter's Tale
Second Servant (2. SERV.),2,The Winter's Tale
Third Servant (3. SERV.),5,The Winter's Tale
Gentleman Attendant (GENT. ATT.),0,The Winter's Tale
Twelve Satyrs (12. SAT.),0,The Winter's Tale
Shepherds and Shepherdesses (SHEPS.),0,The Winter's Tale
Bear (BEAR),0,The Winter's Tale
